16540098268,1/30/2019 3:19:03 PM,1/30/2019 3:19:03 PM,FWHNF12,FedEx 7852 2676 5217
16540098266,1/30/2019 3:18:25 PM,1/30/2019 3:18:25 PM,BH4LL32,FedEx 7852 2659 4696
16540098414,1/30/2019 3:16:55 PM,1/30/2019 3:16:55 PM,JHGYL32,FedEx 7852 2651 8775
16540098412,1/30/2019 3:16:17 PM,1/30/2019 3:16:17 PM,FH8VRF2,FedEx 7852 2644 7448
16540007215,1/30/2019 2:59:48 PM,1/30/2019 2:59:48 PM,C69BWF2,FedEx 7852 2633 8083
16540007148,1/30/2019 2:58:14 PM,1/30/2019 2:58:14 PM,C9YL3H2,FedEx 7852 2617 0952
16535904141,1/29/2019 3:33:50 PM,1/29/2019 3:33:50 PM,5CG82709T8,785205450148
16535904124,1/29/2019 3:31:38 PM,1/29/2019 3:31:38 PM,PF1EJXJM,785205663500
16489906196,1/18/2019 2:14:24 PM,1/18/2019 2:14:24 PM,B14NK12,7849-5494-5934
16489910387,1/18/2019 2:12:50 PM,1/18/2019 2:12:50 PM,GMG6P32,7849-5469-1475
16489906008,1/18/2019 2:09:24 PM,1/18/2019 2:09:24 PM,7HTGP32,7849-5449-9882
16489338385,1/18/2019 12:32:44 PM,1/18/2019 12:32:44 PM,8CHJLC2,7849-3249-3445
16489338377,1/18/2019 12:31:25 PM,1/18/2019 12:31:25 PM,D6F16Q2,7849-3226-0827
16489337093,1/18/2019 12:29:46 PM,1/18/2019 12:29:46 PM,2WYNVF2,7849-3259-8082
16489305875,1/18/2019 12:26:50 PM,1/18/2019 12:26:50 PM,HCT4K72,7849-3230-7586
16472313063,1/14/2019 3:08:05 PM,1/14/2019 3:08:05 PM,BT0YM32,7849-5542-2720
16472313044,1/14/2019 3:06:47 PM,1/14/2019 3:06:47 PM,DLQ5L32,7849-3217-8756
16472339613,1/14/2019 3:05:16 PM,1/14/2019 3:05:16 PM,BJX7QF2,7849-3253-2560
16472252545,1/14/2019 2:59:25 PM,1/14/2019 2:59:25 PM,FVT3Q72,7849-5559-0910
16472249798,1/14/2019 2:46:13 PM,1/14/2019 2:46:13 PM,GV4VFC2,7849-6284-9740
16472249785,1/14/2019 2:44:37 PM,1/14/2019 2:44:37 PM,7PQ3L72,7849-6267-9347
16472249830,1/14/2019 2:42:37 PM,1/14/2019 2:42:37 PM,BX3NK12,7849-6259-5502
